year,month,revenue,growth_rate
2024,1,14548.319999999992,NULL
2024,2,10803.369999999999,-25.741460182344046
2024,3,12849.239999999996,18.93733159190139
2024,4,12451.689999999995,-3.0939573079808707
2024,5,8455.49,-32.0936354824124
2024,6,7384.549999999998,-12.665617249857803
2024,7,6797.08,-7.955393355045312
2024,8,7278.109999999999,7.077009539390428
