region,regional_revenue,transaction_count
"North America",36844.34000000002,80
Asia,22455.450000000008,80
Europe,21268.060000000005,80
