month,monthly_revenue,transaction_count
4,12451.689999999995,30
5,8455.49,31
6,7384.549999999998,30
